Site2_MeltingT,Site1_NdValence,Site2_GSestFCClatcnt,AtomicRadii_min_value,ElectricalConductivity_min_value,Site2_BCCenergy_pa,NdUnfilled_composition_average,Row_max_value,SecondIonizationEnergy_max_value,NdValence_difference,Site2_Column,Site2_NdUnfilled,Site2_GSenergy_pa,valence_composition_average,Site2_CovalentRadii,ThermalExpansionCoefficient_min_value,HeatFusion_composition_average,Site2_HeatFusion,NdUnfilled_max_value,n_ws^third_max_value,HeatFusion_min_value,IonicRadii_min_value,Site2_SpaceGroupNumber,Site2_NdValence,Material compositions 1,Material compositions 2,E_regression,E_regression_shift
1234.93,10,4.027313074,1.444,62.9,-2.71997917,0,5,21.49,0,11,0,-2.76539356,2,1.34,18.9,11.3,11.3,0,1.36,11.3,1.15,225,10,Ag,Ag,1.8245,0
1768,10,3.447656463,1.253,17.9,-6.98008657,1.5,5,21.49,3,9,3,-7.080389145,2.5,1.16,13,13.75,16.2,3,1.75,11.3,0.65,194,7,Ag,Co,1.734358324,-0.090141676
2180,10,3.550558664,1.249,7.9,-9.50480758,2.5,5,21.49,5,6,5,-9.50571654,4,1.18,4.9,16.15,21,5,1.73,11.3,0.62,229,5,Ag,Cr,2.083638544,0.259138544
1357.77,10,3.537821124,1.278,60.7,-3.64288728,0,5,21.49,0,11,0,-3.68065482,2,1.17,16.5,12.45,13.6,0,1.47,11.3,0.73,225,10,Ag,Cu,1.802299595,-0.022200405
1811,10,3.501224062,1.241,11.2,-8.28548436,2,5,21.49,4,8,4,-8.28548436,4,1.17,11.8,12.555,13.81,4,1.77,11.3,0.55,229,6,Ag,Fe,2.142172341,0.317672341
1519,10,3.474656242,1.24,0.5,-8.87041076,2.5,5,21.49,5,7,5,-9.02056525,4.5,1.17,18.9,12.105,12.91,5,1.61,11.3,0.67,217,5,Ag,Mn,2.026685741,0.202185741
1728,10,3.456049039,1.246,14.6,-5.43913904,1,5,21.49,2,10,2,-5.54632457,2.5,1.15,13.4,14.39,17.48,2,1.75,11.3,0.69,225,8,Ag,Ni,2.075071478,0.250571478
1814,10,4.463741557,1.444,1.5,-6.17209116,4.5,5,21.49,9,3,9,-6.28551309,2.5,1.44,10,12.7,14.1,9,1.36,11.3,0.75,194,1,Ag,Sc,1.823068663,-0.001431337
1941,10,4.056692689,1.444,2.6,-7.66126811,4,5,21.49,8,4,8,-7.77522712,3,1.32,8.6,12.725,14.15,8,1.52,11.3,0.61,194,2,Ag,Ti,1.989468058,0.164968058
2183,10,3.733467966,1.321,4,-8.93926069,3.5,5,21.49,7,5,7,-8.93926069,3.5,1.22,8.4,16.4,21.5,7,1.64,11.3,0.54,229,3,Ag,V,2.072663228,0.248163228
692.68,10,3.822215211,1.332,16.9,-1.1570915,0,5,21.49,0,12,0,-1.239999915,2,1.25,18.9,9.184,7.068,0,1.36,7.068,0.74,194,10,Ag,Zn,1.677523767,-0.146976233
933.47,0,4.039606536,1.43,37.7,-3.65018713,0,3,18.828,0,13,0,-3.74542312,3,1.18,23.1,10.71,10.71,0,1.39,10.71,0.54,225,0,Al,Al,1.2661,0
1234.93,0,4.027313074,1.43,37.7,-2.71997917,0,5,21.49,0,11,0,-2.76539356,2.5,1.34,18.9,11.005,11.3,0,1.39,10.71,0.54,225,10,Al,Ag,1.14107,-0.12503
1090,0,4.459722881,1.39,3.8,-4.21496399,0,4,18.828,0,15,0,-4.650889115,4,1.2,15.4,17.575,24.44,0,1.44,10.71,0.54,166,10,Al,As,1.12367,-0.14243
1337.33,0,4.057502731,1.43,37.7,-3.18445282,0,6,20.521,0,11,0,-3.20969261,3,1.34,14.2,11.63,12.55,0,1.57,10.71,0.54,225,10,Al,Au,1.04139,-0.22471
544.4,0,5.089070533,1.43,0.9,-3.89538374,0,6,18.828,0,15,0,-3.9736944,4,1.46,13.4,10.908,11.106,0,1.39,10.71,0.54,12,10,Al,Bi,0.91207,-0.35403
1115,0,5.326014266,1.43,31.3,-1.92725921,0,4,18.828,0,2,0,-1.948329565,2.5,1.74,22.3,9.625,8.54,0,1.39,8.54,0.54,225,0,Al,Ca,1.07345,-0.19265
594.22,0,4.272293466,1.43,14.7,-0.74033904,0,5,18.828,0,12,0,-0.812174225,2.5,1.41,23.1,8.46,6.21,0,1.39,6.21,0.54,194,10,Al,Cd,1.16099,-0.10511
1071,0,5.300984746,1.43,1.4,-4.65518148,4.5,6,18.828,0,3,9,-4.77656965,3.5,1.65,5.2,8.085,5.46,9,1.39,5.46,0.54,194,1,Al,Ce,0.93351,-0.33259
1768,0,3.447656463,1.253,17.9,-6.98008657,1.5,4,18.828,0,9,3,-7.080389145,3,1.16,13,13.455,16.2,3,1.75,10.71,0.54,194,7,Al,Co,2.0104,0.7443
2180,0,3.550558664,1.249,7.9,-9.50480758,2.5,4,18.828,0,6,5,-9.50571654,4.5,1.18,4.9,15.855,21,5,1.73,10.71,0.54,229,5,Al,Cr,2.1762,0.9101
1357.77,0,3.537821124,1.278,37.7,-3.64288728,0,4,20.292,0,11,0,-3.68065482,2.5,1.17,16.5,12.155,13.6,0,1.47,10.71,0.54,225,10,Al,Cu,1.19608,-0.07002
1770,0,4.964278739,1.43,1.2,-4.42187783,0,6,18.828,0,3,0,-4.563633745,3,1.57,9.4,15.305,19.9,0,1.39,10.71,0.54,194,0,Al,Er,1.16273,-0.10337
1811,0,3.501224062,1.241,11.2,-8.28548436,2,4,18.828,0,8,4,-8.28548436,4.5,1.17,11.8,12.26,13.81,4,1.77,10.71,0.54,229,6,Al,Fe,2.1438,0.8777
302.91,0,4.225207441,1.41,1.8,-2.97839076,0,4,20.51,0,13,0,-3.012255303,3,1.26,19.7,8.1475,5.585,0,1.39,5.585,0.54,64,10,Al,Ga,1.18849,-0.07761
1211.4,0,4.514684539,1.37,0.000003,-4.27836489,0,4,18.828,0,14,0,-4.616039545,3.5,1.22,5.7,23.825,36.94,0,1.39,10.71,0.53,225,10,Al,Ge,1.15506,-0.11104
2506,0,4.461398209,1.43,3.4,-9.77464936,4,6,18.828,0,4,8,-9.954299335,3.5,1.44,5.9,18.955,27.2,8,1.45,10.71,0.54,194,2,Al,Hf,2.06319,0.79709
234.32,0,4.656246199,1.43,1,-0.15983096,0,6,18.828,0,12,0,-0.250105562,2.5,1.49,23.1,6.5025,2.295,0,1.39,2.295,0.54,166,10,Al,Hg,1.08586,-0.18024
429.75,0,4.595332379,1.43,3.4,-2.65390512,0,5,18.869,0,13,0,-2.66680196,3,1.44,23.1,7.0005,3.291,0,1.39,3.291,0.54,139,10,Al,In,1.10136,-0.16474
2739,0,3.84489682,1.357,21.3,-8.22715557,1.5,6,18.828,0,9,3,-8.84851145,3,1.27,6.4,25.915,41.12,3,1.83,10.71,0.54,225,7,Al,Ir,2.2252,0.9591
1193,0,5.28468344,1.43,1.9,-4.79586452,4.5,6,18.828,0,3,9,-4.927546185,3,1.25,5.2,8.455,6.2,9,1.39,6.2,0.54,194,1,Al,La,0.77761,-0.48849
923,0,4.50714913,1.43,22.4,-1.51367083,0,3,18.828,0,2,0,-1.54227231,2.5,1.36,23.1,9.595,8.48,0,1.39,8.48,0.54,194,0,Al,Mg,1.24671,-0.01939
1519,0,3.474656242,1.24,0.5,-8.87041076,2.5,4,18.828,0,7,5,-9.02056525,5,1.17,21.7,11.81,12.91,5,1.61,10.71,0.54,217,5,Al,Mn,1.9213,0.6552
2896,0,3.973998007,1.362,17.3,-10.84610777,2.5,5,18.828,0,6,5,-10.84610777,4.5,1.3,4.8,24.095,37.48,5,1.77,10.71,0.54,229,5,Al,Mo,3.0262,1.7601
370.87,0,4.890601634,1.43,20.1,-1.2544847,0,3,47.286,0,1,0,-1.260241383,2,1.54,23.1,6.655,2.6,0,1.39,2.6,0.54,229,0,Al,Na,1.19687,-0.06923
2750,0,4.173988903,1.429,6.6,-10.09332153,3,5,18.828,0,5,6,-10.09332153,4,1.34,7.3,20.355,30,6,1.64,10.71,0.54,229,4,Al,Nb,2.667,1.4009
1294,0,5.183081107,1.43,1.6,-4.6307523,0,6,18.828,0,3,0,-4.76235134,3,1.64,6.9,8.925,7.14,0,1.39,7.14,0.54,194,0,Al,Nd,0.9308,-0.3353
1728,0,3.456049039,1.246,14.6,-5.43913904,1,4,18.828,0,10,2,-5.54632457,3,1.15,13.4,14.095,17.48,2,1.75,10.71,0.54,225,8,Al,Ni,1.59959,0.33349
3306,0,3.834043137,1.34,12.3,-10.33236566,2,6,18.828,0,8,4,-11.22070399,5.5,1.26,5.1,34.28,57.85,4,1.85,10.71,0.54,194,6,Al,Os,2.8061,1.54
317.3,0,4.486063093,1.28,1E-016,-4.6830362,0,3,19.725,0,15,0,-5.400509043,4,1.06,23.1,14.625,18.54,0,1.65,10.71,0.17,2,0,Al,P,1.03897,-0.22713
600.61,0,4.826588558,1.43,4.8,-3.58277457,0,6,18.828,0,14,0,-3.62902961,3.5,1.47,23.1,7.742,4.774,0,1.39,4.774,0.54,225,10,Al,Pb,0.94554,-0.32056
1828.05,0,3.862851303,1.375,10,-5.0910129,0,5,19.63,0,10,0,-5.13777457,3.5,1.28,11.8,13.725,16.74,0,1.67,10.71,0.54,225,10,Al,Pd,1.52261,0.25651
2041.4,0,3.91660681,1.38,9.4,-5.92513799,0.5,6,18.828,0,10,1,-6.02850968,3.5,1.3,8.8,16.4425,22.175,1,1.78,10.71,0.54,225,9,Al,Pt,1.60389,0.33779
3459,0,3.884620563,1.37,5.8,-12.10177805,2.5,6,18.828,0,7,5,-12.41702777,5,1.28,6.2,22.395,34.08,5,1.85,10.71,0.53,194,5,Al,Re,3.189,1.9229
2237,0,3.79278409,1.345,23,-6.90998391,1,5,18.828,0,9,2,-7.25364552,4.5,1.25,8.2,18.65,26.59,2,1.76,10.71,0.54,225,8,Al,Rh,2.0685,0.8024
2607,0,3.780696194,1.325,14.9,-8.57093238,1.5,5,18.828,0,8,3,-9.19463357,5.5,1.25,6.4,24.65,38.59,3,1.83,10.71,0.54,194,7,Al,Ru,2.5963,1.3302
388.36,0,4.689784664,1.27,5E-016,-3.00278915,0,3,23.33,0,16,0,-4.097216719,4.5,1.02,23.1,6.2155,1.721,0,1.39,1.721,0.29,70,0,Al,S,1.11138,-0.15472
903.78,0,5.016478962,1.43,2.6,-3.88991513,0,5,18.828,0,15,0,-4.11736234,4,1.4,11,15.25,19.79,0,1.39,10.71,0.54,166,10,Al,Sb,1.02572,-0.24038
1814,0,4.463741557,1.43,1.5,-6.17209116,4.5,4,18.828,0,3,9,-6.28551309,3,1.44,10,12.405,14.1,9,1.39,10.71,0.54,194,1,Al,Sc,1.56769,0.30159
494,0,4.697841169,1.4,8,-2.90074111,0,4,21.19,0,16,0,-3.47079191,4.5,1.16,23.1,8.7,6.69,0,1.39,6.69,0.5,14,10,Al,Se,0.82351,-0.44259
1687,0,4.340238825,1.32,0.0004,-4.90201039,0,3,18.828,0,14,0,-5.424918005,3.5,1.11,2.6,30.46,50.21,0,1.5,10.71,0.26,227,0,Al,Si,1.11237,-0.15373
505.08,0,5.106259136,1.43,8.7,-3.89492544,0,5,18.828,0,14,0,-3.96104709,3.5,1.41,22,8.93,7.15,0,1.39,7.15,0.54,141,10,Al,Sn,1.0706,-0.1955
3290,0,4.169391995,1.43,8.1,-11.85139954,3.5,6,18.828,0,5,7,-11.85139954,4,1.34,6.3,23.64,36.57,7,1.63,10.71,0.54,229,3,Al,Ta,2.782,1.5159
2430,0,3.851649375,1.358,0.001,-10.09176138,2.5,5,18.828,0,7,5,-10.3551512,5,1.27,8,22,33.29,5,1.81,10.71,0.54,194,5,Al,Tc,2.9744,1.7083
722.66,0,5.180763906,1.43,0.0002,-2.83411842,0,5,18.828,0,16,0,-3.141302507,4.5,1.36,18.8,14.045,17.38,0,1.39,10.71,0.54,152,10,Al,Te,0.90478,-0.36132
1941,0,4.056692689,1.43,2.6,-7.66126811,4,4,18.828,0,4,8,-7.77522712,3.5,1.32,8.6,12.43,14.15,8,1.52,10.71,0.54,194,2,Al,Ti,2.20739,0.94129
577,0,4.756905929,1.43,5.6,-2.25289773,0,6,20.428,0,13,0,-2.27267753,3,1.48,23.1,7.426,4.142,0,1.39,4.142,0.54,194,10,Al,Tl,0.98934,-0.27676
2183,0,3.733467966,1.321,4,-8.93926069,3.5,4,18.828,0,5,7,-8.93926069,4,1.22,8.4,16.105,21.5,7,1.64,10.71,0.54,229,3,Al,V,2.6073,1.3412
3695,0,4.004162334,1.37,18.2,-12.95880062,3,6,18.828,0,6,6,-12.95880062,4.5,1.3,4.5,31.51,52.31,6,1.81,10.71,0.54,229,4,Al,W,3.2023,1.9362
1799,0,5.058773104,1.43,1.8,-6.34029752,4.5,5,18.828,0,3,9,-6.464599775,3,1.62,11.3,11.05,11.39,9,1.39,10.71,0.54,194,1,Al,Y,1.11612,-0.14998
692.68,0,3.822215211,1.332,16.9,-1.1570915,0,4,18.828,0,12,0,-1.239999915,2.5,1.25,23.1,8.889,7.068,0,1.39,7.068,0.54,194,10,Al,Zn,1.18119,-0.08491
2128,0,4.527079516,1.43,2.3,-8.46727487,4,5,18.828,0,4,8,-8.545958555,3.5,1.45,5.7,15.855,21,8,1.41,10.71,0.54,194,2,Al,Zr,1.92223,0.65613
1337.33,10,4.057502731,1.442,48.8,-3.18445282,0,6,20.521,0,11,0,-3.20969261,3,1.34,14.2,12.55,12.55,0,1.57,12.55,0.85,225,10,Au,Au,1.7847,0
1234.93,10,4.027313074,1.442,48.8,-2.71997917,0,6,21.49,0,11,0,-2.76539356,2.5,1.34,14.2,11.925,11.3,0,1.57,11.3,0.85,225,10,Au,Ag,1.8195,0.0348
594.22,10,4.272293466,1.442,14.7,-0.74033904,0,6,20.521,0,12,0,-0.812174225,2.5,1.41,14.2,9.38,6.21,0,1.57,6.21,0.85,194,10,Au,Cd,1.7295,-0.0552
2896,10,3.973998007,1.362,17.3,-10.84610777,2.5,6,20.521,5,6,5,-10.84610777,4.5,1.3,4.8,25.015,37.48,5,1.77,12.55,0.59,229,5,Au,Mo,2.8125,1.0278
2750,10,4.173988903,1.429,6.6,-10.09332153,3,6,20.521,6,5,6,-10.09332153,4,1.34,7.3,21.275,30,6,1.64,12.55,0.64,229,4,Au,Nb,2.7627,0.978
1828.05,10,3.862851303,1.375,10,-5.0910129,0,6,20.521,0,10,0,-5.13777457,3.5,1.28,11.8,14.645,16.74,0,1.67,12.55,0.64,225,10,Au,Pd,2.2041,0.4194
2237,10,3.79278409,1.345,23,-6.90998391,1,6,20.521,2,9,2,-7.25364552,4.5,1.25,8.2,19.57,26.59,2,1.76,12.55,0.67,225,8,Au,Rh,2.5423,0.7576
2607,10,3.780696194,1.325,14.9,-8.57093238,1.5,6,20.521,3,8,3,-9.19463357,5.5,1.25,6.4,25.57,38.59,3,1.83,12.55,0.62,194,7,Au,Ru,2.7173,0.9326
2430,10,3.851649375,1.358,0.001,-10.09176138,2.5,6,20.521,5,7,5,-10.3551512,5,1.27,8,22.92,33.29,5,1.81,12.55,0.56,194,5,Au,Tc,2.7899,1.0052
1799,10,5.058773104,1.442,1.8,-6.34029752,4.5,6,20.521,9,3,9,-6.464599775,3,1.62,11.3,11.97,11.39,9,1.57,11.39,0.85,194,1,Au,Y,1.8551,0.0704
2128,10,4.527079516,1.442,2.3,-8.46727487,4,6,20.521,8,4,8,-8.545958555,3.5,1.45,5.7,16.775,21,8,1.57,12.55,0.84,194,2,Au,Zr,2.4818,0.6971
1115,0,5.326014266,1.97,31.3,-1.92725921,0,4,11.871,0,2,0,-1.948329565,2,1.74,22.3,8.54,8.54,0,0.91,8.54,1,225,0,Ca,Ca,1.6689,0
1234.93,0,4.027313074,1.444,31.3,-2.71997917,0,5,21.49,0,11,0,-2.76539356,2,1.34,18.9,9.92,11.3,0,1.36,8.54,1,225,10,Ca,Ag,1.55814,-0.11076
594.22,0,4.272293466,1.489,14.7,-0.74033904,0,5,16.908,0,12,0,-0.812174225,2,1.41,22.3,7.375,6.21,0,1.24,6.21,0.95,194,10,Ca,Cd,1.63695,-0.03195
2750,0,4.173988903,1.429,6.6,-10.09332153,3,5,14.32,0,5,6,-10.09332153,3.5,1.34,7.3,19.27,30,6,1.64,8.54,0.64,229,4,Ca,Nb,2.5169,0.848
1799,0,5.058773104,1.81,1.8,-6.34029752,4.5,5,12.24,0,3,9,-6.464599775,2.5,1.62,11.3,9.965,11.39,9,1.21,8.54,1,194,1,Ca,Y,1.96705,0.29815
2128,0,4.527079516,1.6,2.3,-8.46727487,4,5,13.13,0,4,8,-8.545958555,3,1.45,5.7,14.77,21,8,1.41,8.54,0.84,194,2,Ca,Zr,2.30509,0.63619
1357.77,10,3.537821124,1.278,60.7,-3.64288728,0,4,20.292,0,11,0,-3.68065482,2,1.17,16.5,13.6,13.6,0,1.47,13.6,0.73,225,10,Cu,Cu,2.0802,0
1234.93,10,4.027313074,1.278,60.7,-2.71997917,0,5,21.49,0,11,0,-2.76539356,2,1.34,16.5,12.45,11.3,0,1.47,11.3,0.73,225,10,Cu,Ag,1.9474,-0.1328
933.47,10,4.039606536,1.278,37.7,-3.65018713,0,4,20.292,10,13,0,-3.74542312,2.5,1.18,16.5,12.155,10.71,0,1.47,10.71,0.54,225,0,Cu,Al,2.02661,-0.05359
1337.33,10,4.057502731,1.278,48.8,-3.18445282,0,6,20.521,0,11,0,-3.20969261,2.5,1.34,14.2,13.075,12.55,0,1.57,12.55,0.73,225,10,Cu,Au,1.97207,-0.10813
544.4,10,5.089070533,1.278,0.9,-3.89538374,0,6,20.292,0,15,0,-3.9736944,3.5,1.46,13.4,12.353,11.106,0,1.47,11.106,0.73,12,10,Cu,Bi,1.63815,-0.44205
594.22,10,4.272293466,1.278,14.7,-0.74033904,0,5,20.292,0,12,0,-0.812174225,2,1.41,16.5,9.905,6.21,0,1.47,6.21,0.73,194,10,Cu,Cd,1.90016,-0.18004
1768,10,3.447656463,1.253,17.9,-6.98008657,1.5,4,20.292,3,9,3,-7.080389145,2.5,1.16,13,14.9,16.2,3,1.75,13.6,0.65,194,7,Cu,Co,2.47185,0.39165
2180,10,3.550558664,1.249,7.9,-9.50480758,2.5,4,20.292,5,6,5,-9.50571654,4,1.18,4.9,17.3,21,5,1.73,13.6,0.62,229,5,Cu,Cr,2.15149,0.07129
1811,10,3.501224062,1.241,11.2,-8.28548436,2,4,20.292,4,8,4,-8.28548436,4,1.17,11.8,13.705,13.81,4,1.77,13.6,0.55,229,6,Cu,Fe,2.47732,0.39712
302.91,10,4.225207441,1.278,1.8,-2.97839076,0,4,20.51,0,13,0,-3.012255303,2.5,1.26,16.5,9.5925,5.585,0,1.47,5.585,0.62,64,10,Cu,Ga,1.9743,-0.1059
1211.4,10,4.514684539,1.278,0.000003,-4.27836489,0,4,20.292,0,14,0,-4.616039545,3,1.22,5.7,25.27,36.94,0,1.47,13.6,0.53,225,10,Cu,Ge,1.90646,-0.17374
2506,10,4.461398209,1.278,3.4,-9.77464936,4,6,20.292,8,4,8,-9.954299335,3,1.44,5.9,20.4,27.2,8,1.47,13.6,0.73,194,2,Cu,Hf,1.92442,-0.15578
234.32,10,4.656246199,1.278,1,-0.15983096,0,6,20.292,0,12,0,-0.250105562,2,1.49,16.5,7.9475,2.295,0,1.47,2.295,0.73,166,10,Cu,Hg,1.85082,-0.22938
429.75,10,4.595332379,1.278,3.4,-2.65390512,0,5,20.292,0,13,0,-2.66680196,2.5,1.44,16.5,8.4455,3.291,0,1.47,3.291,0.73,139,10,Cu,In,1.87531,-0.20489
2739,10,3.84489682,1.278,21.3,-8.22715557,1.5,6,20.292,3,9,3,-8.84851145,2.5,1.27,6.4,27.36,41.12,3,1.83,13.6,0.63,225,7,Cu,Ir,2.67585,0.59565
923,10,4.50714913,1.278,22.4,-1.51367083,0,4,20.292,10,2,0,-1.54227231,2,1.36,16.5,11.04,8.48,0,1.47,8.48,0.72,194,0,Cu,Mg,1.98829,-0.09191
1519,10,3.474656242,1.24,0.5,-8.87041076,2.5,4,20.292,5,7,5,-9.02056525,4.5,1.17,16.5,13.255,12.91,5,1.61,12.91,0.67,217,5,Cu,Mn,2.03472,-0.04548
2896,10,3.973998007,1.278,17.3,-10.84610777,2.5,5,20.292,5,6,5,-10.84610777,4,1.3,4.8,25.54,37.48,5,1.77,13.6,0.59,229,5,Cu,Mo,2.23051,0.15031
2750,10,4.173988903,1.278,6.6,-10.09332153,3,5,20.292,6,5,6,-10.09332153,3.5,1.34,7.3,21.8,30,6,1.64,13.6,0.64,229,4,Cu,Nb,1.99466,-0.08554
1728,10,3.456049039,1.246,14.6,-5.43913904,1,4,20.292,2,10,2,-5.54632457,2.5,1.15,13.4,15.54,17.48,2,1.75,13.6,0.69,225,8,Cu,Ni,2.35912,0.27892
3306,10,3.834043137,1.278,12.3,-10.33236566,2,6,20.292,4,8,4,-11.22070399,5,1.26,5.1,35.725,57.85,4,1.85,13.6,0.63,194,6,Cu,Os,2.72908,0.64888
600.61,10,4.826588558,1.278,4.8,-3.58277457,0,6,20.292,0,14,0,-3.62902961,3,1.47,16.5,9.187,4.774,0,1.47,4.774,0.73,225,10,Cu,Pb,1.69163,-0.38857
1828.05,10,3.862851303,1.278,10,-5.0910129,0,5,20.292,0,10,0,-5.13777457,3,1.28,11.8,15.17,16.74,0,1.67,13.6,0.64,225,10,Cu,Pd,2.21185,0.13165
2041.4,10,3.91660681,1.278,9.4,-5.92513799,0.5,6,20.292,1,10,1,-6.02850968,3,1.3,8.8,17.8875,22.175,1,1.78,13.6,0.63,225,9,Cu,Pt,2.42608,0.34588
3459,10,3.884620563,1.278,5.8,-12.10177805,2.5,6,20.292,5,7,5,-12.41702777,4.5,1.28,6.2,23.84,34.08,5,1.85,13.6,0.53,194,5,Cu,Re,2.63506,0.55486
2237,10,3.79278409,1.278,23,-6.90998391,1,5,20.292,2,9,2,-7.25364552,4,1.25,8.2,20.095,26.59,2,1.76,13.6,0.67,225,8,Cu,Rh,2.46945,0.38925
2607,10,3.780696194,1.278,14.9,-8.57093238,1.5,5,20.292,3,8,3,-9.19463357,5,1.25,6.4,26.095,38.59,3,1.83,13.6,0.62,194,7,Cu,Ru,2.508,0.4278
388.36,10,4.689784664,1.27,5E-016,-3.00278915,0,4,23.33,10,16,0,-4.097216719,4,1.02,16.5,7.6605,1.721,0,1.47,1.721,0.29,70,0,Cu,S,1.75866,-0.32154
903.78,10,5.016478962,1.278,2.6,-3.88991513,0,5,20.292,0,15,0,-4.11736234,3.5,1.4,11,16.695,19.79,0,1.47,13.6,0.73,166,10,Cu,Sb,1.78822,-0.29198
1814,10,4.463741557,1.278,1.5,-6.17209116,4.5,4,20.292,9,3,9,-6.28551309,2.5,1.44,10,13.85,14.1,9,1.47,13.6,0.73,194,1,Cu,Sc,1.89753,-0.18267
1687,10,4.340238825,1.278,0.0004,-4.90201039,0,4,20.292,10,14,0,-5.424918005,3,1.11,2.6,31.905,50.21,0,1.5,13.6,0.26,227,0,Cu,Si,1.91422,-0.16598
505.08,10,5.106259136,1.278,8.7,-3.89492544,0,5,20.292,0,14,0,-3.96104709,3,1.41,16.5,10.375,7.15,0,1.47,7.15,0.71,141,10,Cu,Sn,1.84641,-0.23379
3290,10,4.169391995,1.278,8.1,-11.85139954,3.5,6,20.292,7,5,7,-11.85139954,3.5,1.34,6.3,25.085,36.57,7,1.63,13.6,0.64,229,3,Cu,Ta,2.08834,0.00814
2430,10,3.851649375,1.278,0.001,-10.09176138,2.5,5,20.292,5,7,5,-10.3551512,4.5,1.27,8,23.445,33.29,5,1.81,13.6,0.56,194,5,Cu,Tc,2.42637,0.34617
1941,10,4.056692689,1.278,2.6,-7.66126811,4,4,20.292,8,4,8,-7.77522712,3,1.32,8.6,13.875,14.15,8,1.52,13.6,0.61,194,2,Cu,Ti,2.03098,-0.04922
577,10,4.756905929,1.278,5.6,-2.25289773,0,6,20.428,0,13,0,-2.27267753,2.5,1.48,16.5,8.871,4.142,0,1.47,4.142,0.73,194,10,Cu,Tl,1.76587,-0.31433
2183,10,3.733467966,1.278,4,-8.93926069,3.5,4,20.292,7,5,7,-8.93926069,3.5,1.22,8.4,17.55,21.5,7,1.64,13.6,0.54,229,3,Cu,V,2.15587,0.07567
3695,10,4.004162334,1.278,18.2,-12.95880062,3,6,20.292,6,6,6,-12.95880062,4,1.3,4.5,32.955,52.31,6,1.81,13.6,0.6,229,4,Cu,W,2.43774,0.35754
692.68,10,3.822215211,1.278,16.9,-1.1570915,0,4,20.292,0,12,0,-1.239999915,2,1.25,16.5,10.334,7.068,0,1.47,7.068,0.73,194,10,Cu,Zn,1.99861,-0.08159
2128,10,4.527079516,1.278,2.3,-8.46727487,4,5,20.292,8,4,8,-8.545958555,3,1.45,5.7,17.3,21,8,1.47,13.6,0.73,194,2,Cu,Zr,1.86133,-0.21887
1811,6,3.501224062,1.241,11.2,-8.28548436,4,4,16.18,0,8,4,-8.28548436,6,1.17,11.8,13.81,13.81,4,1.77,13.81,0.55,229,6,Fe,Fe,2.5968,0
933.47,6,4.039606536,1.241,11.2,-3.65018713,2,4,18.828,6,13,0,-3.74542312,4.5,1.18,11.8,12.26,10.71,4,1.77,10.71,0.54,225,0,Fe,Al,2.45204,-0.14476
1090,6,4.459722881,1.241,3.8,-4.21496399,2,4,18.633,4,15,0,-4.650889115,5.5,1.2,11.8,19.125,24.44,4,1.77,13.81,0.55,166,10,Fe,As,2.38301,-0.21379
544.4,6,5.089070533,1.241,0.9,-3.89538374,2,6,16.687,4,15,0,-3.9736944,5.5,1.46,11.8,12.458,11.106,4,1.77,11.106,0.55,12,10,Fe,Bi,2.22866,-0.36814
1768,6,3.447656463,1.241,11.2,-6.98008657,3.5,4,17.06,1,9,3,-7.080389145,4.5,1.16,11.8,15.005,16.2,4,1.77,13.81,0.55,194,7,Fe,Co,2.64035,0.04355
2180,6,3.550558664,1.241,7.9,-9.50480758,4.5,4,16.5,1,6,5,-9.50571654,6,1.18,4.9,17.405,21,5,1.77,13.81,0.55,229,5,Fe,Cr,2.50346,-0.09334
302.91,6,4.225207441,1.241,1.8,-2.97839076,2,4,20.51,4,13,0,-3.012255303,4.5,1.26,11.8,9.6975,5.585,4,1.77,5.585,0.55,64,10,Fe,Ga,2.43793,-0.15887
1211.4,6,4.514684539,1.241,0.000003,-4.27836489,2,4,16.18,4,14,0,-4.616039545,5,1.22,5.7,25.375,36.94,4,1.77,13.81,0.53,225,10,Fe,Ge,2.42327,-0.17353
2739,6,3.84489682,1.241,11.2,-8.22715557,3.5,6,16.18,1,9,3,-8.84851145,4.5,1.27,6.4,27.465,41.12,4,1.83,13.81,0.55,225,7,Fe,Ir,2.70034,0.10354
2896,6,3.973998007,1.241,11.2,-10.84610777,4.5,5,16.461,1,6,5,-10.84610777,6,1.3,4.8,25.645,37.48,5,1.77,13.81,0.55,229,5,Fe,Mo,2.45985,-0.13695
2750,6,4.173988903,1.241,6.6,-10.09332153,5,5,16.18,2,5,6,-10.09332153,5.5,1.34,7.3,21.905,30,6,1.77,13.81,0.55,229,4,Fe,Nb,2.4163,-0.1805
1728,6,3.456049039,1.241,11.2,-5.43913904,3,4,18.168,2,10,2,-5.54632457,4.5,1.15,11.8,15.645,17.48,4,1.77,13.81,0.55,225,8,Fe,Ni,2.5172,-0.0796
317.3,6,4.486063093,1.241,1E-016,-4.6830362,2,4,19.725,6,15,0,-5.400509043,5.5,1.06,11.8,16.175,18.54,4,1.77,13.81,0.17,2,0,Fe,P,2.28176,-0.31504
600.61,6,4.826588558,1.241,4.8,-3.58277457,2,6,16.18,4,14,0,-3.62902961,5,1.47,11.8,9.292,4.774,4,1.77,4.774,0.55,225,10,Fe,Pb,2.21859,-0.37821
2237,6,3.79278409,1.241,11.2,-6.90998391,3,5,18.08,2,9,2,-7.25364552,6,1.25,8.2,20.2,26.59,4,1.77,13.81,0.55,225,8,Fe,Rh,2.56039,-0.03641
2607,6,3.780696194,1.241,11.2,-8.57093238,3.5,5,16.76,1,8,3,-9.19463357,7,1.25,6.4,26.2,38.59,4,1.83,13.81,0.55,194,7,Fe,Ru,2.5755,-0.0213
903.78,6,5.016478962,1.241,2.6,-3.88991513,2,5,16.53,4,15,0,-4.11736234,5.5,1.4,11,16.8,19.79,4,1.77,13.81,0.55,166,10,Fe,Sb,2.34684,-0.24996
1687,6,4.340238825,1.241,0.0004,-4.90201039,2,4,16.345,6,14,0,-5.424918005,5,1.11,2.6,32.01,50.21,4,1.77,13.81,0.26,227,0,Fe,Si,2.39436,-0.20244
505.08,6,5.106259136,1.241,8.7,-3.89492544,2,5,16.18,4,14,0,-3.96104709,5,1.41,11.8,10.48,7.15,4,1.77,7.15,0.55,141,10,Fe,Sn,2.30357,-0.29323
2430,6,3.851649375,1.241,0.001,-10.09176138,4.5,5,16.18,1,7,5,-10.3551512,6.5,1.27,8,23.55,33.29,5,1.81,13.81,0.55,194,5,Fe,Tc,2.50765,-0.08915
1941,6,4.056692689,1.241,2.6,-7.66126811,6,4,16.18,4,4,8,-7.77522712,5,1.32,8.6,13.98,14.15,8,1.77,13.81,0.55,194,2,Fe,Ti,2.45719,-0.13961
2183,6,3.733467966,1.241,4,-8.93926069,5.5,4,16.18,3,5,7,-8.93926069,5.5,1.22,8.4,17.655,21.5,7,1.77,13.81,0.54,229,3,Fe,V,2.51386,-0.08294
3695,6,4.004162334,1.241,11.2,-12.95880062,5,6,16.18,2,6,6,-12.95880062,6,1.3,4.5,33.06,52.31,6,1.81,13.81,0.55,229,4,Fe,W,2.50008,-0.09672
692.68,6,3.822215211,1.241,11.2,-1.1570915,2,4,17.964,4,12,0,-1.239999915,4,1.25,11.8,10.439,7.068,4,1.77,7.068,0.55,194,10,Fe,Zn,2.43732,-0.15948
1357.77,6,3.537821124,1.241,11.2,-3.64288728,2,4,20.292,4,11,0,-3.68065482,4,1.17,11.8,13.705,13.6,4,1.77,13.6,0.55,225,10,Fe,Cu,2.39882,-0.19798
1519,6,3.474656242,1.24,0.5,-8.87041076,4.5,4,16.18,1,7,5,-9.02056525,6.5,1.17,11.8,13.36,12.91,5,1.77,12.91,0.55,217,5,Fe,Mn,2.42964,-0.16716
1234.93,6,4.027313074,1.241,11.2,-2.71997917,2,5,21.49,4,11,0,-2.76539356,4,1.34,11.8,12.555,11.3,4,1.77,11.3,0.55,225,10,Fe,Ag,2.32068,-0.27612
1337.33,6,4.057502731,1.241,11.2,-3.18445282,2,6,20.521,4,11,0,-3.20969261,4.5,1.34,11.8,13.18,12.55,4,1.77,12.55,0.55,225,10,Fe,Au,2.34592,-0.25088
594.22,6,4.272293466,1.241,11.2,-0.74033904,2,5,16.908,4,12,0,-0.812174225,4,1.41,11.8,10.01,6.21,4,1.77,6.21,0.55,194,10,Fe,Cd,2.26771,-0.32909
2506,6,4.461398209,1.241,3.4,-9.77464936,6,6,16.18,4,4,8,-9.954299335,5,1.44,5.9,20.505,27.2,8,1.77,13.81,0.55,194,2,Fe,Hf,2.32154,-0.27526
234.32,6,4.656246199,1.241,1,-0.15983096,2,6,18.759,4,12,0,-0.250105562,4,1.49,11.8,8.0525,2.295,4,1.77,2.295,0.55,166,10,Fe,Hg,2.25118,-0.34562
429.75,6,4.595332379,1.241,3.4,-2.65390512,2,5,18.869,4,13,0,-2.66680196,4.5,1.44,11.8,8.5505,3.291,4,1.77,3.291,0.55,139,10,Fe,In,2.27298,-0.32382
3306,6,3.834043137,1.241,11.2,-10.33236566,4,6,16.18,0,8,4,-11.22070399,7,1.26,5.1,35.83,57.85,4,1.85,13.81,0.55,194,6,Fe,Os,2.72278,0.12598
1828.05,6,3.862851303,1.241,10,-5.0910129,2,5,19.63,4,10,0,-5.13777457,5,1.28,11.8,15.275,16.74,4,1.77,13.81,0.55,225,10,Fe,Pd,2.45233,-0.14447
2041.4,6,3.91660681,1.241,9.4,-5.92513799,2.5,6,18.563,3,10,1,-6.02850968,5,1.3,8.8,17.9925,22.175,4,1.78,13.81,0.55,225,9,Fe,Pt,2.59378,-0.00302
1814,6,4.463741557,1.241,1.5,-6.17209116,6.5,4,16.18,5,3,9,-6.28551309,4.5,1.44,10,13.955,14.1,9,1.77,13.81,0.55,194,1,Fe,Sc,2.31133,-0.28547
3290,6,4.169391995,1.241,8.1,-11.85139954,5.5,6,16.18,3,5,7,-11.85139954,5.5,1.34,6.3,25.19,36.57,7,1.77,13.81,0.55,229,3,Fe,Ta,2.39758,-0.19922
577,6,4.756905929,1.241,5.6,-2.25289773,2,6,20.428,4,13,0,-2.27267753,4.5,1.48,11.8,8.976,4.142,4,1.77,4.142,0.55,194,10,Fe,Tl,2.22509,-0.37171
2128,6,4.527079516,1.241,2.3,-8.46727487,6,5,16.18,4,4,8,-8.545958555,5,1.45,5.7,17.405,21,8,1.77,13.81,0.55,194,2,Fe,Zr,2.29169,-0.30511
3459,6,3.884620563,1.241,5.8,-12.10177805,4.5,6,16.18,1,7,5,-12.41702777,6.5,1.28,6.2,23.945,34.08,5,1.85,13.81,0.53,194,5,Fe,Re,2.66457,0.06777
2739,7,3.84489682,1.357,21.3,-8.22715557,3,6,0,0,9,3,-8.84851145,3,1.27,6.4,41.12,41.12,3,1.83,41.12,0.63,225,7,Ir,Ir,4.5471,0
1234.93,7,4.027313074,1.357,21.3,-2.71997917,1.5,6,21.49,3,11,0,-2.76539356,2.5,1.34,6.4,26.21,11.3,3,1.83,11.3,0.63,225,10,Ir,Ag,4.4493,-0.0978
594.22,7,4.272293466,1.357,14.7,-0.74033904,1.5,6,16.908,3,12,0,-0.812174225,2.5,1.41,6.4,23.665,6.21,3,1.83,6.21,0.63,194,10,Ir,Cd,4.42133,-0.12577
2896,7,3.973998007,1.357,17.3,-10.84610777,4,6,16.461,2,6,5,-10.84610777,4.5,1.3,4.8,39.3,37.48,5,1.83,37.48,0.59,229,5,Ir,Mo,4.93558,0.38848
2750,7,4.173988903,1.357,6.6,-10.09332153,4.5,6,14.32,3,5,6,-10.09332153,4,1.34,6.4,35.56,30,6,1.83,30,0.63,229,4,Ir,Nb,4.71079,0.16369
1828.05,7,3.862851303,1.357,10,-5.0910129,1.5,6,19.63,3,10,0,-5.13777457,3.5,1.28,6.4,28.93,16.74,3,1.83,16.74,0.63,225,10,Ir,Pd,4.4704,-0.0767
2237,7,3.79278409,1.345,21.3,-6.90998391,2.5,6,18.08,1,9,2,-7.25364552,4.5,1.25,6.4,33.855,26.59,3,1.83,26.59,0.63,225,8,Ir,Rh,4.47609,-0.07101
2607,7,3.780696194,1.325,14.9,-8.57093238,3,6,16.76,0,8,3,-9.19463357,5.5,1.25,6.4,39.855,38.59,3,1.83,38.59,0.62,194,7,Ir,Ru,4.7411,0.194
2430,7,3.851649375,1.357,0.001,-10.09176138,4,6,15.26,2,7,5,-10.3551512,5,1.27,6.4,37.205,33.29,5,1.83,33.29,0.56,194,5,Ir,Tc,5.06696,0.51986
1799,7,5.058773104,1.357,1.8,-6.34029752,6,6,12.24,6,3,9,-6.464599775,3,1.62,6.4,26.255,11.39,9,1.83,11.39,0.63,194,1,Ir,Y,4.30652,-0.24058
2128,7,4.527079516,1.357,2.3,-8.46727487,5.5,6,13.13,5,4,8,-8.545958555,3.5,1.45,5.7,31.06,21,8,1.83,21,0.63,194,2,Ir,Zr,4.56807,0.02097
923,0,4.50714913,1.6,22.4,-1.51367083,0,3,15.035,0,2,0,-1.54227231,2,1.36,24.8,8.48,8.48,0,1.17,8.48,0.72,194,0,Mg,Mg,1.406,0
1234.93,0,4.027313074,1.444,22.4,-2.71997917,0,5,21.49,0,11,0,-2.76539356,2,1.34,18.9,9.89,11.3,0,1.36,8.48,0.72,225,10,Mg,Ag,1.46003,0.05403
933.47,0,4.039606536,1.43,22.4,-3.65018713,0,3,18.828,0,13,0,-3.74542312,2.5,1.18,23.1,9.595,10.71,0,1.39,8.48,0.54,225,0,Mg,Al,1.47106,0.06506
1337.33,0,4.057502731,1.442,22.4,-3.18445282,0,6,20.521,0,11,0,-3.20969261,2.5,1.34,14.2,10.515,12.55,0,1.57,8.48,0.72,225,10,Mg,Au,1.53295,0.12695
1560,0,3.160183721,1.12,22.4,-3.65527191,0,3,18.211,0,2,0,-3.755038695,2,0.9,11.3,8.1875,7.895,0,1.67,7.895,0.45,194,0,Mg,Be,1.38435,-0.02165
544.4,0,5.089070533,1.6,0.9,-3.89538374,0,6,16.687,0,15,0,-3.9736944,3.5,1.46,13.4,9.793,11.106,0,1.17,8.48,0.72,12,10,Mg,Bi,1.23751,-0.16849
1115,0,5.326014266,1.6,22.4,-1.92725921,0,4,15.035,0,2,0,-1.948329565,2,1.74,22.3,8.51,8.54,0,1.17,8.48,0.72,225,0,Mg,Ca,1.22059,-0.18541
594.22,0,4.272293466,1.489,14.7,-0.74033904,0,5,16.908,0,12,0,-0.812174225,2,1.41,24.8,7.345,6.21,0,1.24,6.21,0.72,194,10,Mg,Cd,1.31308,-0.09292
1071,0,5.300984746,1.6,1.4,-4.65518148,4.5,6,15.035,0,3,9,-4.77656965,3,1.65,5.2,6.97,5.46,9,1.19,5.46,0.72,194,1,Mg,Ce,1.206,-0.2
1768,0,3.447656463,1.253,17.9,-6.98008657,1.5,4,17.06,0,9,3,-7.080389145,2.5,1.16,13,12.34,16.2,3,1.75,8.48,0.65,194,7,Mg,Co,1.97803,0.57203
2180,0,3.550558664,1.249,7.9,-9.50480758,2.5,4,16.5,0,6,5,-9.50571654,4,1.18,4.9,14.74,21,5,1.73,8.48,0.62,229,5,Mg,Cr,1.74633,0.34033
1357.77,0,3.537821124,1.278,22.4,-3.64288728,0,4,20.292,0,11,0,-3.68065482,2,1.17,16.5,11.04,13.6,0,1.47,8.48,0.72,225,10,Mg,Cu,1.48301,0.07701
1811,0,3.501224062,1.241,11.2,-8.28548436,2,4,16.18,0,8,4,-8.28548436,4,1.17,11.8,11.145,13.81,4,1.77,8.48,0.55,229,6,Mg,Fe,1.88006,0.47406
302.91,0,4.225207441,1.41,1.8,-2.97839076,0,4,20.51,0,13,0,-3.012255303,2.5,1.26,19.7,7.0325,5.585,0,1.31,5.585,0.62,64,10,Mg,Ga,1.34821,-0.05779
1586,0,5.042307669,1.6,0.8,-4.51068704,4.5,6,15.035,0,3,9,-4.65442131,2.5,1.61,-2,9.075,9.67,9,1.21,8.48,0.72,194,1,Mg,Gd,1.31171,-0.09429
2506,0,4.461398209,1.564,3.4,-9.77464936,4,6,15.035,0,4,8,-9.954299335,3,1.44,5.9,17.84,27.2,8,1.45,8.48,0.72,194,2,Mg,Hf,2.04142,0.63542
234.32,0,4.656246199,1.6,1,-0.15983096,0,6,18.759,0,12,0,-0.250105562,2,1.49,24.8,5.3875,2.295,0,1.24,2.295,0.72,166,10,Mg,Hg,1.25354,-0.15246
429.75,0,4.595332379,1.6,3.4,-2.65390512,0,5,18.869,0,13,0,-2.66680196,2.5,1.44,24.8,5.8855,3.291,0,1.17,3.291,0.72,139,10,Mg,In,1.31556,-0.09044
2739,0,3.84489682,1.357,21.3,-8.22715557,1.5,6,15.035,0,9,3,-8.84851145,2.5,1.27,6.4,24.8,41.12,3,1.83,8.48,0.63,225,7,Mg,Ir,2.26703,0.86103
336.53,0,6.637517176,1.6,16.4,-1.096516,0,4,31.625,0,1,0,-1.097539713,1.5,2.03,24.8,5.4075,2.335,0,1.17,2.335,0.72,229,0,Mg,K,1.07661,-0.32939
1193,0,5.28468344,1.6,1.9,-4.79586452,4.5,6,15.035,0,3,9,-4.927546185,2.5,1.25,5.2,7.34,6.2,9,1.18,6.2,0.72,194,1,Mg,La,1.17836,-0.22764
453.69,0,4.048845545,1.55,11.7,-1.86553478,0,3,76.638,0,1,0,-1.86988691,1.5,1.23,24.8,5.74,3,0,1.17,3,0.72,229,0,Mg,Li,1.33197,-0.07403
1519,0,3.474656242,1.24,0.5,-8.87041076,2.5,4,15.64,0,7,5,-9.02056525,4.5,1.17,21.7,10.695,12.91,5,1.61,8.48,0.67,217,5,Mg,Mn,1.6954,0.2894
2896,0,3.973998007,1.362,17.3,-10.84610777,2.5,5,16.461,0,6,5,-10.84610777,4,1.3,4.8,22.98,37.48,5,1.77,8.48,0.59,229,5,Mg,Mo,2.67438,1.26838
370.87,0,4.890601634,1.6,20.1,-1.2544847,0,3,47.286,0,1,0,-1.260241383,1.5,1.54,24.8,5.54,2.6,0,1.17,2.6,0.72,229,0,Mg,Na,1.26165,-0.14435
2750,0,4.173988903,1.429,6.6,-10.09332153,3,5,15.035,0,5,6,-10.09332153,3.5,1.34,7.3,19.24,30,6,1.64,8.48,0.64,229,4,Mg,Nb,2.45235,1.04635
1294,0,5.183081107,1.6,1.6,-4.6307523,0,6,15.035,0,3,0,-4.76235134,2.5,1.64,6.9,7.81,7.14,0,1.2,7.14,0.72,194,0,Mg,Nd,1.23717,-0.16883
1728,0,3.456049039,1.246,14.6,-5.43913904,1,4,18.168,0,10,2,-5.54632457,2.5,1.15,13.4,12.98,17.48,2,1.75,8.48,0.69,225,8,Mg,Ni,1.77227,0.36627
3306,0,3.834043137,1.34,12.3,-10.33236566,2,6,15.035,0,8,4,-11.22070399,5,1.26,5.1,33.165,57.85,4,1.85,8.48,0.63,194,6,Mg,Os,2.55892,1.15292
1828.05,0,3.862851303,1.375,10,-5.0910129,0,5,19.63,0,10,0,-5.13777457,3,1.28,11.8,12.61,16.74,0,1.67,8.48,0.64,225,10,Mg,Pd,1.76833,0.36233
1204,0,5.225662103,1.6,1.5,-4.64853984,0,6,15.035,0,3,0,-4.77382996,2.5,1.65,5.4,7.685,6.89,0,1.2,6.89,0.72,194,0,Mg,Pr,1.21848,-0.18752
2041.4,0,3.91660681,1.38,9.4,-5.92513799,0.5,6,18.563,0,10,1,-6.02850968,3,1.3,8.8,15.3275,22.175,1,1.78,8.48,0.63,225,9,Mg,Pt,1.8718,0.4658
3459,0,3.884620563,1.37,5.8,-12.10177805,2.5,6,15.035,0,7,5,-12.41702777,4.5,1.28,6.2,21.28,34.08,5,1.85,8.48,0.53,194,5,Mg,Re,2.78975,1.38375
2237,0,3.79278409,1.345,22.4,-6.90998391,1,5,18.08,0,9,2,-7.25364552,4,1.25,8.2,17.535,26.59,2,1.76,8.48,0.67,225,8,Mg,Rh,2.1269,0.7209
2607,0,3.780696194,1.325,14.9,-8.57093238,1.5,5,16.76,0,8,3,-9.19463357,5,1.25,6.4,23.535,38.59,3,1.83,8.48,0.62,194,7,Mg,Ru,2.44111,1.03511
903.78,0,5.016478962,1.59,2.6,-3.88991513,0,5,16.53,0,15,0,-4.11736234,3.5,1.4,11,14.135,19.79,0,1.26,8.48,0.72,166,10,Mg,Sb,1.26933,-0.13667
1814,0,4.463741557,1.6,1.5,-6.17209116,4.5,4,15.035,0,3,9,-6.28551309,2.5,1.44,10,11.29,14.1,9,1.27,8.48,0.72,194,1,Mg,Sc,1.6123,0.2063
494,0,4.697841169,1.4,8,-2.90074111,0,4,21.19,0,16,0,-3.47079191,4,1.16,24.8,7.585,6.69,0,1.17,6.69,0.5,14,10,Mg,Se,1.09913,-0.30687
1687,0,4.340238825,1.32,0.0004,-4.90201039,0,3,16.345,0,14,0,-5.424918005,3,1.11,2.6,29.345,50.21,0,1.5,8.48,0.26,227,0,Mg,Si,1.43422,0.02822
505.08,0,5.106259136,1.6,8.7,-3.89492544,0,5,15.035,0,14,0,-3.96104709,3,1.41,22,7.815,7.15,0,1.24,7.15,0.71,141,10,Mg,Sn,1.3627,-0.0433
1050,0,6.008506453,1.6,5,-1.67793991,0,5,15.035,0,2,0,-1.6828136,2,1.91,22.5,7.955,7.43,0,1.17,7.43,0.72,225,0,Mg,Sr,1.08218,-0.32382
3290,0,4.169391995,1.43,8.1,-11.85139954,3.5,6,15.035,0,5,7,-11.85139954,3.5,1.34,6.3,22.525,36.57,7,1.63,8.48,0.64,229,3,Mg,Ta,2.53728,1.13128
2430,0,3.851649375,1.358,0.001,-10.09176138,2.5,5,15.26,0,7,5,-10.3551512,4.5,1.27,8,20.885,33.29,5,1.81,8.48,0.56,194,5,Mg,Tc,2.65156,1.24556
2023,0,5.059033597,1.6,7.1,-7.26654681,4,7,15.035,0,3,8,-7.41254306,3,1.65,11,11.145,13.81,8,1.28,8.48,0.72,225,2,Mg,Th,1.2663,-0.1397
1941,0,4.056692689,1.448,2.6,-7.66126811,4,4,15.035,0,4,8,-7.77522712,3,1.32,8.6,11.315,14.15,8,1.52,8.48,0.61,194,2,Mg,Ti,2.02214,0.61614
2183,0,3.733467966,1.321,4,-8.93926069,3.5,4,15.035,0,5,7,-8.93926069,3.5,1.22,8.4,14.99,21.5,7,1.64,8.48,0.54,229,3,Mg,V,2.25739,0.85139
3695,0,4.004162334,1.37,18.2,-12.95880062,3,6,15.035,0,6,6,-12.95880062,4,1.3,4.5,30.395,52.31,6,1.81,8.48,0.6,229,4,Mg,W,2.82992,1.42392
1799,0,5.058773104,1.6,1.8,-6.34029752,4.5,5,15.035,0,3,9,-6.464599775,2.5,1.62,11.3,9.935,11.39,9,1.21,8.48,0.72,194,1,Mg,Y,1.3495,-0.0565
692.68,0,3.822215211,1.332,16.9,-1.1570915,0,4,17.964,0,12,0,-1.239999915,2,1.25,24.8,7.774,7.068,0,1.32,7.068,0.72,194,10,Mg,Zn,1.30461,-0.10139
2128,0,4.527079516,1.6,2.3,-8.46727487,4,5,15.035,0,4,8,-8.545958555,3,1.45,5.7,14.74,21,8,1.41,8.48,0.72,194,2,Mg,Zr,1.98631,0.58031
2896,5,3.973998007,1.362,17.3,-10.84610777,5,5,16.461,0,6,5,-10.84610777,6,1.3,4.8,37.48,37.48,5,1.77,37.48,0.59,229,5,Mo,Mo,5.0288,0
1234.93,5,4.027313074,1.362,17.3,-2.71997917,2.5,5,21.49,5,11,0,-2.76539356,4,1.34,4.8,24.39,11.3,5,1.77,11.3,0.59,225,10,Mo,Ag,4.6899,-0.3389
544.4,5,5.089070533,1.362,0.9,-3.89538374,2.5,6,16.687,5,15,0,-3.9736944,5.5,1.46,4.8,24.293,11.106,5,1.77,11.106,0.59,12,10,Mo,Bi,4.77865,-0.25015
594.22,5,4.272293466,1.362,14.7,-0.74033904,2.5,5,16.908,5,12,0,-0.812174225,4,1.41,4.8,21.845,6.21,5,1.77,6.21,0.59,194,10,Mo,Cd,4.73084,-0.29796
1768,5,3.447656463,1.253,17.3,-6.98008657,4,5,17.06,2,9,3,-7.080389145,4.5,1.16,4.8,26.84,16.2,5,1.77,16.2,0.59,194,7,Mo,Co,4.59618,-0.43262
2180,5,3.550558664,1.249,7.9,-9.50480758,5,5,16.5,0,6,5,-9.50571654,6,1.18,4.8,29.24,21,5,1.77,21,0.59,229,5,Mo,Cr,5.06851,0.03971
1357.77,5,3.537821124,1.278,17.3,-3.64288728,2.5,5,20.292,5,11,0,-3.68065482,4,1.17,4.8,25.54,13.6,5,1.77,13.6,0.59,225,10,Mo,Cu,4.86586,-0.16294
1811,5,3.501224062,1.241,11.2,-8.28548436,4.5,5,16.461,1,8,4,-8.28548436,6,1.17,4.8,25.645,13.81,5,1.77,13.81,0.55,229,6,Mo,Fe,4.61039,-0.41841
302.91,5,4.225207441,1.362,1.8,-2.97839076,2.5,5,20.51,5,13,0,-3.012255303,4.5,1.26,4.8,21.5325,5.585,5,1.77,5.585,0.59,64,10,Mo,Ga,4.96448,-0.06432
429.75,5,4.595332379,1.362,3.4,-2.65390512,2.5,5,18.869,5,13,0,-2.66680196,4.5,1.44,4.8,20.3855,3.291,5,1.77,3.291,0.59,139,10,Mo,In,4.84196,-0.18684
923,5,4.50714913,1.362,17.3,-1.51367083,2.5,5,16.461,5,2,0,-1.54227231,4,1.36,4.8,22.98,8.48,5,1.77,8.48,0.59,194,0,Mo,Mg,4.95666,-0.07214
1519,5,3.474656242,1.24,0.5,-8.87041076,5,5,16.461,0,7,5,-9.02056525,6.5,1.17,4.8,25.195,12.91,5,1.77,12.91,0.59,217,5,Mo,Mn,4.81209,-0.21671
1728,5,3.456049039,1.246,14.6,-5.43913904,3.5,5,18.168,3,10,2,-5.54632457,4.5,1.15,4.8,27.48,17.48,5,1.77,17.48,0.59,225,8,Mo,Ni,4.7032,-0.3256
1828.05,5,3.862851303,1.362,10,-5.0910129,2.5,5,19.63,5,10,0,-5.13777457,5,1.28,4.8,27.11,16.74,5,1.77,16.74,0.59,225,10,Mo,Pd,4.64559,-0.38321
2430,5,3.851649375,1.358,0.001,-10.09176138,5,5,16.461,0,7,5,-10.3551512,6.5,1.27,4.8,35.385,33.29,5,1.81,33.29,0.56,194,5,Mo,Tc,4.86088,-0.16792
3695,5,4.004162334,1.362,17.3,-12.95880062,5.5,6,16.461,1,6,6,-12.95880062,6,1.3,4.5,44.895,52.31,6,1.81,37.48,0.59,229,4,Mo,W,5.25813,0.22933
1799,5,5.058773104,1.362,1.8,-6.34029752,7,5,16.461,4,3,9,-6.464599775,4.5,1.62,4.8,24.435,11.39,9,1.77,11.39,0.59,194,1,Mo,Y,4.85281,-0.17599
692.68,5,3.822215211,1.332,16.9,-1.1570915,2.5,5,17.964,5,12,0,-1.239999915,4,1.25,4.8,22.274,7.068,5,1.77,7.068,0.59,194,10,Mo,Zn,4.95383,-0.07497
1090,5,4.459722881,1.362,3.8,-4.21496399,2.5,5,18.633,5,15,0,-4.650889115,5.5,1.2,4.8,30.96,24.44,5,1.77,24.44,0.58,166,10,Mo,As,4.85173,-0.17707
1211.4,5,4.514684539,1.362,0.000003,-4.27836489,2.5,5,16.461,5,14,0,-4.616039545,5,1.22,4.8,37.21,36.94,5,1.77,36.94,0.53,225,10,Mo,Ge,4.99847,-0.03033
3306,5,3.834043137,1.34,12.3,-10.33236566,4.5,6,16.461,1,8,4,-11.22070399,7,1.26,4.8,47.665,57.85,5,1.85,37.48,0.59,194,6,Mo,Os,4.75024,-0.27856
317.3,5,4.486063093,1.28,1E-016,-4.6830362,2.5,5,19.725,5,15,0,-5.400509043,5.5,1.06,4.8,28.01,18.54,5,1.77,18.54,0.17,2,0,Mo,P,4.77354,-0.25526
600.61,5,4.826588558,1.362,4.8,-3.58277457,2.5,6,16.461,5,14,0,-3.62902961,5,1.47,4.8,21.127,4.774,5,1.77,4.774,0.59,225,10,Mo,Pb,4.75637,-0.27243
2041.4,5,3.91660681,1.362,9.4,-5.92513799,3,6,18.563,4,10,1,-6.02850968,5,1.3,4.8,29.8275,22.175,5,1.78,22.175,0.59,225,9,Mo,Pt,4.50807,-0.52073
2607,5,3.780696194,1.325,14.9,-8.57093238,4,5,16.76,2,8,3,-9.19463357,7,1.25,4.8,38.035,38.59,5,1.83,37.48,0.59,194,7,Mo,Ru,4.61105,-0.41775
903.78,5,5.016478962,1.362,2.6,-3.88991513,2.5,5,16.53,5,15,0,-4.11736234,5.5,1.4,4.8,28.635,19.79,5,1.77,19.79,0.59,166,10,Mo,Sb,4.8968,-0.132
1814,5,4.463741557,1.362,1.5,-6.17209116,7,5,16.461,4,3,9,-6.28551309,4.5,1.44,4.8,25.79,14.1,9,1.77,14.1,0.59,194,1,Mo,Sc,4.98989,-0.03891
1687,5,4.340238825,1.32,0.0004,-4.90201039,2.5,5,16.461,5,14,0,-5.424918005,5,1.11,2.6,43.845,50.21,5,1.77,37.48,0.26,227,0,Mo,Si,4.92897,-0.09983
505.08,5,5.106259136,1.362,8.7,-3.89492544,2.5,5,16.461,5,14,0,-3.96104709,5,1.41,4.8,22.315,7.15,5,1.77,7.15,0.59,141,10,Mo,Sn,4.89301,-0.13579
1941,5,4.056692689,1.362,2.6,-7.66126811,6.5,5,16.461,3,4,8,-7.77522712,5,1.32,4.8,25.815,14.15,8,1.77,14.15,0.59,194,2,Mo,Ti,5.04455,0.01575
577,5,4.756905929,1.362,5.6,-2.25289773,2.5,6,20.428,5,13,0,-2.27267753,4.5,1.48,4.8,20.811,4.142,5,1.77,4.142,0.59,194,10,Mo,Tl,4.71577,-0.31303
2128,5,4.527079516,1.362,2.3,-8.46727487,6.5,5,16.461,3,4,8,-8.545958555,5,1.45,4.8,29.24,21,8,1.77,21,0.59,194,2,Mo,Zr,4.95952,-0.06928
1728,8,3.456049039,1.246,14.6,-5.43913904,2,4,18.168,0,10,2,-5.54632457,3,1.15,13.4,17.48,17.48,2,1.75,17.48,0.69,225,8,Ni,Ni,2.9528,0
1234.93,8,4.027313074,1.246,14.6,-2.71997917,1,5,21.49,2,11,0,-2.76539356,2.5,1.34,13.4,14.39,11.3,2,1.75,11.3,0.69,225,10,Ni,Ag,2.76393,-0.18887
933.47,8,4.039606536,1.246,14.6,-3.65018713,1,4,18.828,8,13,0,-3.74542312,3,1.18,13.4,14.095,10.71,2,1.75,10.71,0.54,225,0,Ni,Al,2.93619,-0.01661
1337.33,8,4.057502731,1.246,14.6,-3.18445282,1,6,20.521,2,11,0,-3.20969261,3,1.34,13.4,15.015,12.55,2,1.75,12.55,0.69,225,10,Ni,Au,2.70755,-0.24525
544.4,8,5.089070533,1.246,0.9,-3.89538374,1,6,18.168,2,15,0,-3.9736944,4,1.46,13.4,14.293,11.106,2,1.75,11.106,0.69,12,10,Ni,Bi,2.42128,-0.53152
594.22,8,4.272293466,1.246,14.6,-0.74033904,1,5,18.168,2,12,0,-0.812174225,2.5,1.41,13.4,11.845,6.21,2,1.75,6.21,0.69,194,10,Ni,Cd,2.69478,-0.25802
1768,8,3.447656463,1.246,14.6,-6.98008657,2.5,4,18.168,1,9,3,-7.080389145,3,1.16,13,16.84,16.2,3,1.75,16.2,0.65,194,7,Ni,Co,3.06804,0.11524
2180,8,3.550558664,1.246,7.9,-9.50480758,3.5,4,18.168,3,6,5,-9.50571654,4.5,1.18,4.9,19.24,21,5,1.75,17.48,0.62,229,5,Ni,Cr,2.92294,-0.02986
1357.77,8,3.537821124,1.246,14.6,-3.64288728,1,4,20.292,2,11,0,-3.68065482,2.5,1.17,13.4,15.54,13.6,2,1.75,13.6,0.69,225,10,Ni,Cu,2.88422,-0.06858
1811,8,3.501224062,1.241,11.2,-8.28548436,3,4,18.168,2,8,4,-8.28548436,4.5,1.17,11.8,15.645,13.81,4,1.77,13.81,0.55,229,6,Ni,Fe,2.93702,-0.01578
302.91,8,4.225207441,1.246,1.8,-2.97839076,1,4,20.51,2,13,0,-3.012255303,3,1.26,13.4,11.5325,5.585,2,1.75,5.585,0.62,64,10,Ni,Ga,2.87822,-0.07458
1211.4,8,4.514684539,1.246,0.000003,-4.27836489,1,4,18.168,2,14,0,-4.616039545,3.5,1.22,5.7,27.21,36.94,2,1.75,17.48,0.53,225,10,Ni,Ge,2.79661,-0.15619
2506,8,4.461398209,1.246,3.4,-9.77464936,5,6,18.168,6,4,8,-9.954299335,3.5,1.44,5.9,22.34,27.2,8,1.75,17.48,0.69,194,2,Ni,Hf,2.74196,-0.21084
234.32,8,4.656246199,1.246,1,-0.15983096,1,6,18.759,2,12,0,-0.250105562,2.5,1.49,13.4,9.8875,2.295,2,1.75,2.295,0.69,166,10,Ni,Hg,2.63922,-0.31358
429.75,8,4.595332379,1.246,3.4,-2.65390512,1,5,18.869,2,13,0,-2.66680196,3,1.44,13.4,10.3855,3.291,2,1.75,3.291,0.69,139,10,Ni,In,2.70238,-0.25042
2739,8,3.84489682,1.246,14.6,-8.22715557,2.5,6,18.168,1,9,3,-8.84851145,3,1.27,6.4,29.3,41.12,3,1.83,17.48,0.63,225,7,Ni,Ir,3.4554,0.5026
923,8,4.50714913,1.246,14.6,-1.51367083,1,4,18.168,8,2,0,-1.54227231,2.5,1.36,13.4,12.98,8.48,2,1.75,8.48,0.69,194,0,Ni,Mg,2.84823,-0.10457
1519,8,3.474656242,1.24,0.5,-8.87041076,3.5,4,18.168,3,7,5,-9.02056525,5,1.17,13.4,15.195,12.91,5,1.75,12.91,0.67,217,5,Ni,Mn,2.93738,-0.01542
2896,8,3.973998007,1.246,14.6,-10.84610777,3.5,5,18.168,3,6,5,-10.84610777,4.5,1.3,4.8,27.48,37.48,5,1.77,17.48,0.59,229,5,Ni,Mo,2.98791,0.03511
2750,8,4.173988903,1.246,6.6,-10.09332153,4,5,18.168,4,5,6,-10.09332153,4,1.34,7.3,23.74,30,6,1.75,17.48,0.64,229,4,Ni,Nb,2.86462,-0.08818
3306,8,3.834043137,1.246,12.3,-10.33236566,3,6,18.168,2,8,4,-11.22070399,5.5,1.26,5.1,37.665,57.85,4,1.85,17.48,0.63,194,6,Ni,Os,3.5381,0.5853
600.61,8,4.826588558,1.246,4.8,-3.58277457,1,6,18.168,2,14,0,-3.62902961,3.5,1.47,13.4,11.127,4.774,2,1.75,4.774,0.69,225,10,Ni,Pb,2.51994,-0.43286
1828.05,8,3.862851303,1.246,10,-5.0910129,1,5,19.63,2,10,0,-5.13777457,3.5,1.28,11.8,17.11,16.74,2,1.75,16.74,0.64,225,10,Ni,Pd,2.81443,-0.13837
2041.4,8,3.91660681,1.246,9.4,-5.92513799,1.5,6,18.563,1,10,1,-6.02850968,3.5,1.3,8.8,19.8275,22.175,2,1.78,17.48,0.63,225,9,Ni,Pt,3.06244,0.10964
3459,8,3.884620563,1.246,5.8,-12.10177805,3.5,6,18.168,3,7,5,-12.41702777,5,1.28,6.2,25.78,34.08,5,1.85,17.48,0.53,194,5,Ni,Re,3.45954,0.50674
2237,8,3.79278409,1.246,14.6,-6.90998391,2,5,18.168,0,9,2,-7.25364552,4.5,1.25,8.2,22.035,26.59,2,1.76,17.48,0.67,225,8,Ni,Rh,3.1518,0.199
2607,8,3.780696194,1.246,14.6,-8.57093238,2.5,5,18.168,1,8,3,-9.19463357,5.5,1.25,6.4,28.035,38.59,3,1.83,17.48,0.62,194,7,Ni,Ru,3.20734,0.25454
388.36,8,4.689784664,1.246,5E-016,-3.00278915,1,4,23.33,8,16,0,-4.097216719,4.5,1.02,13.4,9.6005,1.721,2,1.75,1.721,0.29,70,0,Ni,S,2.15778,-0.79502
903.78,8,5.016478962,1.246,2.6,-3.88991513,1,5,18.168,2,15,0,-4.11736234,4,1.4,11,18.635,19.79,2,1.75,17.48,0.69,166,10,Ni,Sb,2.67569,-0.27711
1814,8,4.463741557,1.246,1.5,-6.17209116,5.5,4,18.168,7,3,9,-6.28551309,3,1.44,10,15.79,14.1,9,1.75,14.1,0.69,194,1,Ni,Sc,2.69859,-0.25421
1687,8,4.340238825,1.246,0.0004,-4.90201039,1,4,18.168,8,14,0,-5.424918005,3.5,1.11,2.6,33.845,50.21,2,1.75,17.48,0.26,227,0,Ni,Si,2.71012,-0.24268
505.08,8,5.106259136,1.246,8.7,-3.89492544,1,5,18.168,2,14,0,-3.96104709,3.5,1.41,13.4,12.315,7.15,2,1.75,7.15,0.69,141,10,Ni,Sn,2.70727,-0.24553
3290,8,4.169391995,1.246,8.1,-11.85139954,4.5,6,18.168,5,5,7,-11.85139954,4,1.34,6.3,27.025,36.57,7,1.75,17.48,0.64,229,3,Ni,Ta,2.8567,-0.0961
2430,8,3.851649375,1.246,0.001,-10.09176138,3.5,5,18.168,3,7,5,-10.3551512,5,1.27,8,25.385,33.29,5,1.81,17.48,0.56,194,5,Ni,Tc,3.14028,0.18748
1941,8,4.056692689,1.246,2.6,-7.66126811,5,4,18.168,6,4,8,-7.77522712,3.5,1.32,8.6,15.815,14.15,8,1.75,14.15,0.61,194,2,Ni,Ti,2.91783,-0.03497
577,8,4.756905929,1.246,5.6,-2.25289773,1,6,20.428,2,13,0,-2.27267753,3,1.48,13.4,10.811,4.142,2,1.75,4.142,0.69,194,10,Ni,Tl,2.57275,-0.38005
2183,8,3.733467966,1.246,4,-8.93926069,4.5,4,18.168,5,5,7,-8.93926069,4,1.22,8.4,19.49,21.5,7,1.75,17.48,0.54,229,3,Ni,V,2.94973,-0.00307
3695,8,4.004162334,1.246,14.6,-12.95880062,4,6,18.168,4,6,6,-12.95880062,4.5,1.3,4.5,34.895,52.31,6,1.81,17.48,0.6,229,4,Ni,W,3.19678,0.24398
692.68,8,3.822215211,1.246,14.6,-1.1570915,1,4,18.168,2,12,0,-1.239999915,2.5,1.25,13.4,12.274,7.068,2,1.75,7.068,0.69,194,10,Ni,Zn,2.89612,-0.05668
2128,8,4.527079516,1.246,2.3,-8.46727487,5,5,18.168,6,4,8,-8.545958555,3.5,1.45,5.7,19.24,21,8,1.75,17.48,0.69,194,2,Ni,Zr,2.64715,-0.30565
600.61,10,4.826588558,1.75,4.8,-3.58277457,0,6,15.028,0,14,0,-3.62902961,4,1.47,28.8,4.774,4.774,0,1.15,4.774,1.19,225,10,Pb,Pb,1.0788,0
1234.93,10,4.027313074,1.444,4.8,-2.71997917,0,6,21.49,0,11,0,-2.76539356,3,1.34,18.9,8.037,11.3,0,1.36,4.774,1.15,225,10,Pb,Ag,0.81681,-0.26199
594.22,10,4.272293466,1.489,4.8,-0.74033904,0,6,16.908,0,12,0,-0.812174225,3,1.41,28.8,5.492,6.21,0,1.24,4.774,0.95,194,10,Pb,Cd,0.94688,-0.13192
2896,10,3.973998007,1.362,4.8,-10.84610777,2.5,6,16.461,5,6,5,-10.84610777,5,1.3,4.8,21.127,37.48,5,1.77,4.774,0.59,229,5,Pb,Mo,1.6152,0.5364
2750,10,4.173988903,1.429,4.8,-10.09332153,3,6,15.028,6,5,6,-10.09332153,4.5,1.34,7.3,17.387,30,6,1.64,4.774,0.64,229,4,Pb,Nb,1.6703,0.5915
1828.05,10,3.862851303,1.375,4.8,-5.0910129,0,6,19.63,0,10,0,-5.13777457,4,1.28,11.8,10.757,16.74,0,1.67,4.774,0.64,225,10,Pb,Pd,0.87359,-0.20521
1799,10,5.058773104,1.75,1.8,-6.34029752,4.5,6,15.028,9,3,9,-6.464599775,3.5,1.62,11.3,8.082,11.39,9,1.21,4.774,1.02,194,1,Pb,Y,1.28672,0.20792
2128,10,4.527079516,1.6,2.3,-8.46727487,4,6,15.028,8,4,8,-8.545958555,4,1.45,5.7,12.887,21,8,1.41,4.774,0.84,194,2,Pb,Zr,1.5886,0.5098
1828.05,10,3.862851303,1.375,10,-5.0910129,0,5,19.63,0,10,0,-5.13777457,4,1.28,11.8,16.74,16.74,0,1.67,16.74,0.64,225,10,Pd,Pd,2.646,0
1234.93,10,4.027313074,1.375,10,-2.71997917,0,5,21.49,0,11,0,-2.76539356,3,1.34,11.8,14.02,11.3,0,1.67,11.3,0.64,225,10,Pd,Ag,2.53626,-0.10974
1337.33,10,4.057502731,1.375,10,-3.18445282,0,6,20.521,0,11,0,-3.20969261,3.5,1.34,11.8,14.645,12.55,0,1.67,12.55,0.64,225,10,Pd,Au,2.52855,-0.11745
594.22,10,4.272293466,1.375,10,-0.74033904,0,5,19.63,0,12,0,-0.812174225,3,1.41,11.8,11.475,6.21,0,1.67,6.21,0.64,194,10,Pd,Cd,2.47774,-0.16826
1768,10,3.447656463,1.253,10,-6.98008657,1.5,5,19.63,3,9,3,-7.080389145,3.5,1.16,11.8,16.47,16.2,3,1.75,16.2,0.64,194,7,Pd,Co,2.64417,-0.00183
2180,10,3.550558664,1.249,7.9,-9.50480758,2.5,5,19.63,5,6,5,-9.50571654,5,1.18,4.9,18.87,21,5,1.73,16.74,0.62,229,5,Pd,Cr,3.14051,0.49451
1357.77,10,3.537821124,1.278,10,-3.64288728,0,5,20.292,0,11,0,-3.68065482,3,1.17,11.8,15.17,13.6,0,1.67,13.6,0.64,225,10,Pd,Cu,2.53568,-0.11032
1811,10,3.501224062,1.241,10,-8.28548436,2,5,19.63,4,8,4,-8.28548436,5,1.17,11.8,15.275,13.81,4,1.77,13.81,0.55,229,6,Pd,Fe,2.81947,0.17347
2506,10,4.461398209,1.375,3.4,-9.77464936,4,6,19.63,8,4,8,-9.954299335,4,1.44,5.9,21.97,27.2,8,1.67,16.74,0.64,194,2,Pd,Hf,2.88661,0.24061
234.32,10,4.656246199,1.375,1,-0.15983096,0,6,19.63,0,12,0,-0.250105562,3,1.49,11.8,9.5175,2.295,0,1.67,2.295,0.64,166,10,Pd,Hg,2.3763,-0.2697
2739,10,3.84489682,1.357,10,-8.22715557,1.5,6,19.63,3,9,3,-8.84851145,3.5,1.27,6.4,28.93,41.12,3,1.83,16.74,0.63,225,7,Pd,Ir,3.18873,0.54273
1193,10,5.28468344,1.375,1.9,-4.79586452,4.5,6,19.63,9,3,9,-4.927546185,3.5,1.25,5.2,11.47,6.2,9,1.67,6.2,0.64,194,1,Pd,La,1.70667,-0.93933
1519,10,3.474656242,1.24,0.5,-8.87041076,2.5,5,19.63,5,7,5,-9.02056525,5.5,1.17,11.8,14.825,12.91,5,1.67,12.91,0.64,217,5,Pd,Mn,2.98927,0.34327
2896,10,3.973998007,1.362,10,-10.84610777,2.5,5,19.63,5,6,5,-10.84610777,5,1.3,4.8,27.11,37.48,5,1.77,16.74,0.59,229,5,Pd,Mo,3.66703,1.02103
2750,10,4.173988903,1.375,6.6,-10.09332153,3,5,19.63,6,5,6,-10.09332153,4.5,1.34,7.3,23.37,30,6,1.67,16.74,0.64,229,4,Pd,Nb,3.34044,0.69444
1728,10,3.456049039,1.246,10,-5.43913904,1,5,19.63,2,10,2,-5.54632457,3.5,1.15,11.8,17.11,17.48,2,1.75,16.74,0.64,225,8,Pd,Ni,2.51311,-0.13289
3306,10,3.834043137,1.34,10,-10.33236566,2,6,19.63,4,8,4,-11.22070399,6,1.26,5.1,37.295,57.85,4,1.85,16.74,0.63,194,6,Pd,Os,3.59298,0.94698
2041.4,10,3.91660681,1.375,9.4,-5.92513799,0.5,6,19.63,1,10,1,-6.02850968,4,1.3,8.8,19.4575,22.175,1,1.78,16.74,0.63,225,9,Pd,Pt,2.81414,0.16814
3459,10,3.884620563,1.37,5.8,-12.10177805,2.5,6,19.63,5,7,5,-12.41702777,5.5,1.28,6.2,25.41,34.08,5,1.85,16.74,0.53,194,5,Pd,Re,3.90857,1.26257
2237,10,3.79278409,1.345,10,-6.90998391,1,5,19.63,2,9,2,-7.25364552,5,1.25,8.2,21.665,26.59,2,1.76,16.74,0.64,225,8,Pd,Rh,2.91192,0.26592
2607,10,3.780696194,1.325,10,-8.57093238,1.5,5,19.63,3,8,3,-9.19463357,6,1.25,6.4,27.665,38.59,3,1.83,16.74,0.62,194,7,Pd,Ru,3.24624,0.60024
1814,10,4.463741557,1.375,1.5,-6.17209116,4.5,5,19.63,9,3,9,-6.28551309,3.5,1.44,10,15.42,14.1,9,1.67,14.1,0.64,194,1,Pd,Sc,2.66382,0.01782
3290,10,4.169391995,1.375,8.1,-11.85139954,3.5,6,19.63,7,5,7,-11.85139954,4.5,1.34,6.3,26.655,36.57,7,1.67,16.74,0.64,229,3,Pd,Ta,3.4692,0.8232
2430,10,3.851649375,1.358,0.001,-10.09176138,2.5,5,19.63,5,7,5,-10.3551512,5.5,1.27,8,25.015,33.29,5,1.81,16.74,0.56,194,5,Pd,Tc,3.56999,0.92399
1941,10,4.056692689,1.375,2.6,-7.66126811,4,5,19.63,8,4,8,-7.77522712,4,1.32,8.6,15.445,14.15,8,1.67,14.15,0.61,194,2,Pd,Ti,2.8257,0.1797
2183,10,3.733467966,1.321,4,-8.93926069,3.5,5,19.63,7,5,7,-8.93926069,4.5,1.22,8.4,19.12,21.5,7,1.67,16.74,0.54,229,3,Pd,V,3.13015,0.48415
3695,10,4.004162334,1.37,10,-12.95880062,3,6,19.63,6,6,6,-12.95880062,5,1.3,4.5,34.525,52.31,6,1.81,16.74,0.6,229,4,Pd,W,3.88576,1.23976
1799,10,5.058773104,1.375,1.8,-6.34029752,4.5,5,19.63,9,3,9,-6.464599775,3.5,1.62,11.3,14.065,11.39,9,1.67,11.39,0.64,194,1,Pd,Y,2.32123,-0.32477
692.68,10,3.822215211,1.332,10,-1.1570915,0,5,19.63,0,12,0,-1.239999915,3,1.25,11.8,11.904,7.068,0,1.67,7.068,0.64,194,10,Pd,Zn,2.53447,-0.11153
2128,10,4.527079516,1.375,2.3,-8.46727487,4,5,19.63,8,4,8,-8.545958555,4,1.45,5.7,18.87,21,8,1.67,16.74,0.64,194,2,Pd,Zr,2.75424,0.10824
2041.4,9,3.91660681,1.38,9.4,-5.92513799,1,6,18.563,0,10,1,-6.02850968,4,1.3,8.8,22.175,22.175,1,1.78,22.175,0.63,225,9,Pt,Pt,2.6764,0
1234.93,9,4.027313074,1.38,9.4,-2.71997917,0.5,6,21.49,1,11,0,-2.76539356,3,1.34,8.8,16.7375,11.3,1,1.78,11.3,0.63,225,10,Pt,Ag,2.70488,0.02848
1337.33,9,4.057502731,1.38,9.4,-3.18445282,0.5,6,20.521,1,11,0,-3.20969261,3.5,1.34,8.8,17.3625,12.55,1,1.78,12.55,0.63,225,10,Pt,Au,2.5919,-0.0845
594.22,9,4.272293466,1.38,9.4,-0.74033904,0.5,6,18.563,1,12,0,-0.812174225,3,1.41,8.8,14.1925,6.21,1,1.78,6.21,0.63,194,10,Pt,Cd,2.59881,-0.07759
1768,9,3.447656463,1.253,9.4,-6.98008657,2,6,18.563,2,9,3,-7.080389145,3.5,1.16,8.8,19.1875,16.2,3,1.78,16.2,0.63,194,7,Pt,Co,2.55821,-0.11819
2180,9,3.550558664,1.249,7.9,-9.50480758,3,6,18.563,4,6,5,-9.50571654,5,1.18,4.9,21.5875,21,5,1.78,21,0.62,229,5,Pt,Cr,3.27821,0.60181
1357.77,9,3.537821124,1.278,9.4,-3.64288728,0.5,6,20.292,1,11,0,-3.68065482,3,1.17,8.8,17.8875,13.6,1,1.78,13.6,0.63,225,10,Pt,Cu,2.78163,0.10523
1811,9,3.501224062,1.241,9.4,-8.28548436,2.5,6,18.563,3,8,4,-8.28548436,5,1.17,8.8,17.9925,13.81,4,1.78,13.81,0.55,229,6,Pt,Fe,2.79402,0.11762
2506,9,4.461398209,1.38,3.4,-9.77464936,4.5,6,18.563,7,4,8,-9.954299335,4,1.44,5.9,24.6875,27.2,8,1.78,22.175,0.63,194,2,Pt,Hf,3.09901,0.42261
234.32,9,4.656246199,1.38,1,-0.15983096,0.5,6,18.759,1,12,0,-0.250105562,3,1.49,8.8,12.235,2.295,1,1.78,2.295,0.63,166,10,Pt,Hg,2.44997,-0.22643
2739,9,3.84489682,1.357,9.4,-8.22715557,2,6,18.563,2,9,3,-8.84851145,3.5,1.27,6.4,31.6475,41.12,3,1.83,22.175,0.63,225,7,Pt,Ir,3.13268,0.45628
1193,9,5.28468344,1.38,1.9,-4.79586452,5,6,18.563,8,3,9,-4.927546185,3.5,1.25,5.2,14.1875,6.2,9,1.78,6.2,0.63,194,1,Pt,La,1.22709,-0.59931
1519,9,3.474656242,1.24,0.5,-8.87041076,3,6,18.563,4,7,5,-9.02056525,5.5,1.17,8.8,17.5425,12.91,5,1.78,12.91,0.63,217,5,Pt,Mn,3.04415,0.36775
2896,9,3.973998007,1.362,9.4,-10.84610777,3,6,18.563,4,6,5,-10.84610777,5,1.3,4.8,29.8275,37.48,5,1.78,22.175,0.59,229,5,Pt,Mo,3.96811,1.29171
2750,9,4.173988903,1.38,6.6,-10.09332153,3.5,6,18.563,5,5,6,-10.09332153,4.5,1.34,7.3,26.0875,30,6,1.78,22.175,0.63,229,4,Pt,Nb,3.64272,0.96632
1728,9,3.456049039,1.246,9.4,-5.43913904,1.5,6,18.563,1,10,2,-5.54632457,3.5,1.15,8.8,19.8275,17.48,2,1.78,17.48,0.63,225,8,Pt,Ni,2.56024,-0.11616
3306,9,3.834043137,1.34,9.4,-10.33236566,2.5,6,18.563,3,8,4,-11.22070399,6,1.26,5.1,40.0125,57.85,4,1.85,22.175,0.63,194,6,Pt,Os,3.65457,0.97817
1828.05,9,3.862851303,1.375,9.4,-5.0910129,0.5,6,19.63,1,10,0,-5.13777457,4,1.28,8.8,19.4575,16.74,1,1.78,16.74,0.63,225,10,Pt,Pd,2.7125,0.0361
3459,9,3.884620563,1.37,5.8,-12.10177805,3,6,18.563,4,7,5,-12.41702777,5.5,1.28,6.2,28.1275,34.08,5,1.85,22.175,0.53,194,5,Pt,Re,4.11265,1.43625
2237,9,3.79278409,1.345,9.4,-6.90998391,1.5,6,18.563,1,9,2,-7.25364552,5,1.25,8.2,24.3825,26.59,2,1.78,22.175,0.63,225,8,Pt,Rh,2.89242,0.21602
2607,9,3.780696194,1.325,9.4,-8.57093238,2,6,18.563,2,8,3,-9.19463357,6,1.25,6.4,30.3825,38.59,3,1.83,22.175,0.62,194,7,Pt,Ru,3.32562,0.64922
1814,9,4.463741557,1.38,1.5,-6.17209116,5,6,18.563,8,3,9,-6.28551309,3.5,1.44,8.8,18.1375,14.1,9,1.78,14.1,0.63,194,1,Pt,Sc,2.85119,0.17479
3290,9,4.169391995,1.38,8.1,-11.85139954,4,6,18.563,6,5,7,-11.85139954,4.5,1.34,6.3,29.3725,36.57,7,1.78,22.175,0.63,229,3,Pt,Ta,3.74965,1.07325
2430,9,3.851649375,1.358,0.001,-10.09176138,3,6,18.563,4,7,5,-10.3551512,5.5,1.27,8,27.7325,33.29,5,1.81,22.175,0.56,194,5,Pt,Tc,3.78262,1.10622
1941,9,4.056692689,1.38,2.6,-7.66126811,4.5,6,18.563,7,4,8,-7.77522712,4,1.32,8.6,18.1625,14.15,8,1.78,14.15,0.61,194,2,Pt,Ti,3.05607,0.37967
2183,9,3.733467966,1.321,4,-8.93926069,4,6,18.563,6,5,7,-8.93926069,4.5,1.22,8.4,21.8375,21.5,7,1.78,21.5,0.54,229,3,Pt,V,3.33673,0.66033
3695,9,4.004162334,1.37,9.4,-12.95880062,3.5,6,18.563,5,6,6,-12.95880062,5,1.3,4.5,37.2425,52.31,6,1.81,22.175,0.6,229,4,Pt,W,4.17153,1.49513
1799,9,5.058773104,1.38,1.8,-6.34029752,5,6,18.563,8,3,9,-6.464599775,3.5,1.62,8.8,16.7825,11.39,9,1.78,11.39,0.63,194,1,Pt,Y,2.31825,-0.35815
692.68,9,3.822215211,1.332,9.4,-1.1570915,0.5,6,18.563,1,12,0,-1.239999915,3,1.25,8.8,14.6215,7.068,1,1.78,7.068,0.63,194,10,Pt,Zn,2.80416,0.12776
2128,9,4.527079516,1.38,2.3,-8.46727487,4.5,6,18.563,7,4,8,-8.545958555,4,1.45,5.7,21.5875,21,8,1.78,21,0.63,194,2,Pt,Zr,2.94058,0.26418
3695,4,4.004162334,1.37,18.2,-12.95880062,6,6,0,0,6,6,-12.95880062,6,1.3,4.5,52.31,52.31,6,1.81,52.31,0.6,229,4,W,W,6.1471,0
1234.93,4,4.027313074,1.37,18.2,-2.71997917,3,6,21.49,6,11,0,-2.76539356,4,1.34,4.5,31.805,11.3,6,1.81,11.3,0.6,225,10,W,Ag,5.71306,-0.43404
933.47,4,4.039606536,1.37,18.2,-3.65018713,3,6,18.828,4,13,0,-3.74542312,4.5,1.18,4.5,31.51,10.71,6,1.81,10.71,0.54,225,0,W,Al,6.168,0.0209
1090,4,4.459722881,1.37,3.8,-4.21496399,3,6,18.633,6,15,0,-4.650889115,5.5,1.2,4.5,38.375,24.44,6,1.81,24.44,0.58,166,10,W,As,5.92017,-0.22693
1337.33,4,4.057502731,1.37,18.2,-3.18445282,3,6,20.521,6,11,0,-3.20969261,4.5,1.34,4.5,32.43,12.55,6,1.81,12.55,0.6,225,10,W,Au,5.48304,-0.66406
1115,4,5.326014266,1.37,18.2,-1.92725921,3,6,11.871,4,2,0,-1.948329565,4,1.74,4.5,30.425,8.54,6,1.81,8.54,0.6,225,0,W,Ca,5.86536,-0.28174
594.22,4,4.272293466,1.37,14.7,-0.74033904,3,6,16.908,6,12,0,-0.812174225,4,1.41,4.5,29.26,6.21,6,1.81,6.21,0.6,194,10,W,Cd,5.8218,-0.3253
1768,4,3.447656463,1.253,17.9,-6.98008657,4.5,6,17.06,3,9,3,-7.080389145,4.5,1.16,4.5,34.255,16.2,6,1.81,16.2,0.6,194,7,W,Co,5.64026,-0.50684
2180,4,3.550558664,1.249,7.9,-9.50480758,5.5,6,16.5,1,6,5,-9.50571654,6,1.18,4.5,36.655,21,6,1.81,21,0.6,229,5,W,Cr,5.99785,-0.14925
1357.77,4,3.537821124,1.278,18.2,-3.64288728,3,6,20.292,6,11,0,-3.68065482,4,1.17,4.5,32.955,13.6,6,1.81,13.6,0.6,225,10,W,Cu,5.96294,-0.18416
1811,4,3.501224062,1.241,11.2,-8.28548436,5,6,16.18,2,8,4,-8.28548436,6,1.17,4.5,33.06,13.81,6,1.81,13.81,0.55,229,6,W,Fe,5.40392,-0.74318
302.91,4,4.225207441,1.37,1.8,-2.97839076,3,6,20.51,6,13,0,-3.012255303,4.5,1.26,4.5,28.9475,5.585,6,1.81,5.585,0.6,64,10,W,Ga,6.09089,-0.05621
1211.4,4,4.514684539,1.37,0.000003,-4.27836489,3,6,15.934,6,14,0,-4.616039545,5,1.22,4.5,44.625,36.94,6,1.81,36.94,0.53,225,10,W,Ge,6.02651,-0.12059
2506,4,4.461398209,1.37,3.4,-9.77464936,7,6,14.925,2,4,8,-9.954299335,5,1.44,4.5,39.755,27.2,8,1.81,27.2,0.6,194,2,W,Hf,6.1037,-0.0434
234.32,4,4.656246199,1.37,1,-0.15983096,3,6,18.759,6,12,0,-0.250105562,4,1.49,4.5,27.3025,2.295,6,1.81,2.295,0.6,166,10,W,Hg,5.65703,-0.49007
429.75,4,4.595332379,1.37,3.4,-2.65390512,3,6,18.869,6,13,0,-2.66680196,4.5,1.44,4.5,27.8005,3.291,6,1.81,3.291,0.6,139,10,W,In,5.92236,-0.22474
923,4,4.50714913,1.37,18.2,-1.51367083,3,6,15.035,4,2,0,-1.54227231,4,1.36,4.5,30.395,8.48,6,1.81,8.48,0.6,194,0,W,Mg,6.0591,-0.088
1519,4,3.474656242,1.24,0.5,-8.87041076,5.5,6,15.64,1,7,5,-9.02056525,6.5,1.17,4.5,32.61,12.91,6,1.81,12.91,0.6,217,5,W,Mn,5.77028,-0.37682
2896,4,3.973998007,1.362,17.3,-10.84610777,5.5,6,16.461,1,6,5,-10.84610777,6,1.3,4.5,44.895,37.48,6,1.81,37.48,0.59,229,5,W,Mo,6.03016,-0.11694
1728,4,3.456049039,1.246,14.6,-5.43913904,4,6,18.168,4,10,2,-5.54632457,4.5,1.15,4.5,34.895,17.48,6,1.81,17.48,0.6,225,8,W,Ni,5.77079,-0.37631
317.3,4,4.486063093,1.28,1E-016,-4.6830362,3,6,19.725,4,15,0,-5.400509043,5.5,1.06,4.5,35.425,18.54,6,1.81,18.54,0.17,2,0,W,P,5.83812,-0.30898
1828.05,4,3.862851303,1.37,10,-5.0910129,3,6,19.63,6,10,0,-5.13777457,5,1.28,4.5,34.525,16.74,6,1.81,16.74,0.6,225,10,W,Pd,5.59128,-0.55582
2041.4,4,3.91660681,1.37,9.4,-5.92513799,3.5,6,18.563,5,10,1,-6.02850968,5,1.3,4.5,37.2425,22.175,6,1.81,22.175,0.6,225,9,W,Pt,5.38202,-0.76508
2237,4,3.79278409,1.345,18.2,-6.90998391,4,6,18.08,4,9,2,-7.25364552,6,1.25,4.5,39.45,26.59,6,1.81,26.59,0.6,225,8,W,Rh,5.5271,-0.62
2607,4,3.780696194,1.325,14.9,-8.57093238,4.5,6,16.76,3,8,3,-9.19463357,7,1.25,4.5,45.45,38.59,6,1.83,38.59,0.6,194,7,W,Ru,5.6106,-0.5365
1814,4,4.463741557,1.37,1.5,-6.17209116,7.5,6,12.8,3,3,9,-6.28551309,4.5,1.44,4.5,33.205,14.1,9,1.81,14.1,0.6,194,1,W,Sc,6.11722,-0.02988
1687,4,4.340238825,1.32,0.0004,-4.90201039,3,6,16.345,4,14,0,-5.424918005,5,1.11,2.6,51.26,50.21,6,1.81,50.21,0.26,227,0,W,Si,6.04327,-0.10383
1050,4,6.008506453,1.37,5,-1.67793991,3,6,11.03,4,2,0,-1.6828136,4,1.91,4.5,29.87,7.43,6,1.81,7.43,0.6,225,0,W,Sr,5.64283,-0.50427
577,4,4.756905929,1.37,5.6,-2.25289773,3,6,20.428,6,13,0,-2.27267753,4.5,1.48,4.5,28.226,4.142,6,1.81,4.142,0.6,194,10,W,Tl,5.74236,-0.40474
2183,4,3.733467966,1.321,4,-8.93926069,6.5,6,14.65,1,5,7,-8.93926069,5.5,1.22,4.5,36.905,21.5,7,1.81,21.5,0.54,229,3,W,V,6.16991,0.02281
1799,4,5.058773104,1.37,1.8,-6.34029752,7.5,6,12.24,3,3,9,-6.464599775,4.5,1.62,4.5,31.85,11.39,9,1.81,11.39,0.6,194,1,W,Y,5.91681,-0.23029
692.68,4,3.822215211,1.332,16.9,-1.1570915,3,6,17.964,6,12,0,-1.239999915,4,1.25,4.5,29.689,7.068,6,1.81,7.068,0.6,194,10,W,Zn,6.05919,-0.08791
2128,4,4.527079516,1.37,2.3,-8.46727487,7,6,13.13,2,4,8,-8.545958555,5,1.45,4.5,36.655,21,8,1.81,21,0.6,194,2,W,Zr,6.07872,-0.06838
2128,2,4.527079516,1.6,2.3,-8.46727487,8,5,13.13,0,4,8,-8.545958555,4,1.45,5.7,21,21,8,1.41,21,0.84,194,2,Zr,Zr,2.57774,0
2180,2,3.550558664,1.249,2.3,-9.50480758,6.5,5,16.5,3,6,5,-9.50571654,5,1.18,4.9,21,21,8,1.73,21,0.62,229,5,Zr,Cr,2.45048,-0.14469
1357.77,2,3.537821124,1.278,2.3,-3.64288728,4,5,20.292,8,11,0,-3.68065482,3,1.17,5.7,17.3,13.6,8,1.47,13.6,0.73,225,10,Zr,Cu,2.76336,0.16682
2183,2,3.733467966,1.321,2.3,-8.93926069,7.5,5,14.65,1,5,7,-8.93926069,4.5,1.22,5.7,21.25,21.5,8,1.64,21,0.54,229,3,Zr,V,2.74559,0.16517
692.68,2,3.822215211,1.332,2.3,-1.1570915,4,5,17.964,8,12,0,-1.239999915,3,1.25,5.7,14.034,7.068,8,1.41,7.068,0.74,194,10,Zr,Zn,2.8041,0.20757
2896,2,3.973998007,1.362,2.3,-10.84610777,6.5,5,16.461,3,6,5,-10.84610777,5,1.3,4.8,29.24,37.48,8,1.77,21,0.59,229,5,Zr,Mo,2.30001,-0.29322
3695,2,4.004162334,1.37,2.3,-12.95880062,7,6,13.13,2,6,6,-12.95880062,5,1.3,4.5,36.655,52.31,8,1.81,21,0.6,229,4,Zr,W,2.56078,-0.02454
933.47,2,4.039606536,1.43,2.3,-3.65018713,4,5,18.828,2,13,0,-3.74542312,3.5,1.18,5.7,15.855,10.71,8,1.41,10.71,0.54,225,0,Zr,Al,3.09446,0.49792
1337.33,2,4.057502731,1.442,2.3,-3.18445282,4,6,20.521,8,11,0,-3.20969261,3.5,1.34,5.7,16.775,12.55,8,1.57,12.55,0.84,225,10,Zr,Au,2.73199,0.13545
1234.93,2,4.027313074,1.444,2.3,-2.71997917,4,5,21.49,8,11,0,-2.76539356,3,1.34,5.7,16.15,11.3,8,1.41,11.3,0.84,225,10,Zr,Ag,2.72588,0.12935
2750,2,4.173988903,1.429,2.3,-10.09332153,7,5,14.32,2,5,6,-10.09332153,4.5,1.34,5.7,25.5,30,8,1.64,21,0.64,229,4,Zr,Nb,2.52377,-0.06702
3290,2,4.169391995,1.43,2.3,-11.85139954,7.5,6,13.13,1,5,7,-11.85139954,4.5,1.34,5.7,28.785,36.57,8,1.63,21,0.64,229,3,Zr,Ta,2.74765,0.15385
1941,2,4.056692689,1.448,2.3,-7.66126811,8,5,13.58,0,4,8,-7.77522712,4,1.32,5.7,17.575,14.15,8,1.52,14.15,0.61,194,2,Zr,Ti,2.84263,0.24811
2506,2,4.461398209,1.564,2.3,-9.77464936,8,6,14.925,0,4,8,-9.954299335,4,1.44,5.7,24.1,27.2,8,1.45,21,0.83,194,2,Zr,Hf,2.80183,0.20414
505.08,2,5.106259136,1.6,2.3,-3.89492544,4,5,14.632,8,14,0,-3.96104709,4,1.41,5.7,14.075,7.15,8,1.41,7.15,0.71,141,10,Zr,Sn,2.84457,0.24804
